{"Reconstruction Loss Mean (Train)":0.29179421067237854,"Reconstruction Loss Sum (Train)":2.4348972e+07,"_timestamp":1.735399289862679e+09,"_runtime":17.15624,"_step":42,"_wandb":{"runtime":17},"ELBO (Train)":1.03419128e+08}