{"_timestamp":1.735392890921424e+09,"Reconstruction Loss Sum (Train)":6.61098e+06,"Reconstruction Loss Mean (Train)":0.2668629586696625,"Avg Reconstruction Loss Sum (Val)":1.918798275e+07,"_wandb":{"runtime":988},"ELBO (Train)":4.1089596e+07,"_runtime":987.301227,"ELBO (Val)":7.5853896e+07,"_step":548,"Reconstruction Loss Sum (Val)":1.1065625e+07,"Avg ELBO (Val)":1.29799412e+08,"Avg Reconstruction Loss Mean (Val)":0.2385407549639543,"Avg Reconstruction Loss Sum (Train)":1.951636736170213e+07,"Avg ELBO (Train)":1.342858669787234e+08,"Avg Reconstruction Loss Mean (Train)":0.23787335100326132,"Reconstruction Loss Mean (Val)":0.2357487976551056}