{"Avg ELBO (Val)":0.7328701019287109,"_timestamp":1.7355104715495439e+09,"ELBO (Val)":0.7319293022155762,"Avg Reconstruction Loss Sum (Val)":1.0111203958333334e+07,"_runtime":57037.494282,"Reconstruction Loss Mean (Val)":0.1234191358089447,"Avg ELBO (Train)":0.7331774804903113,"Reconstruction Loss Mean (Train)":0.1055493950843811,"Reconstruction Loss Sum (Train)":8.807643e+06,"Avg Reconstruction Loss Sum (Train)":1.0558544130434783e+07,"_step":59999,"Avg Reconstruction Loss Mean (Train)":0.12653191841166953,"_wandb":{"runtime":57037},"Reconstruction Loss Sum (Val)":5.7930725e+06,"ELBO (Train)":0.7292579412460327,"Avg Reconstruction Loss Mean (Val)":0.12567072237531343}