{"Reconstruction Loss Sum (Train)":8.708597e+06,"_step":60,"Avg Reconstruction Loss Mean (Val)":0.29773467034101486,"Avg ELBO (Train)":1.1962684819574468e+09,"Avg ELBO (Val)":1.9692015933333334e+08,"Avg Reconstruction Loss Sum (Val)":2.394000575e+07,"_timestamp":1.735391595426659e+09,"ELBO (Val)":1.15119528e+08,"_runtime":110.269653,"Reconstruction Loss Mean (Val)":0.29736512899398804,"Reconstruction Loss Sum (Val)":1.3957785e+07,"ELBO (Train)":6.639462e+07,"Reconstruction Loss Mean (Train)":0.35153669118881226,"_wandb":{"runtime":110},"Avg Reconstruction Loss Mean (Train)":0.46208526479436995,"Avg Reconstruction Loss Sum (Train)":3.812018338297872e+07}