{"_runtime":1854.136098,"ELBO (Train)":7.7959752e+07,"Reconstruction Loss Sum (Train)":1.5724868e+07,"Reconstruction Loss Sum (Val)":1.0256584e+07,"Reconstruction Loss Mean (Train)":0.1884443312883377,"ELBO (Val)":4.5310756e+07,"Avg Reconstruction Loss Sum (Train)":1.853120993478261e+07,"Reconstruction Loss Mean (Val)":0.21851250529289246,"Avg ELBO (Train)":8.076640139130434e+07,"Avg Reconstruction Loss Mean (Val)":0.22007252151767412,"Avg ELBO (Val)":7.756275966666667e+07,"_timestamp":1.735401187429678e+09,"_wandb":{"runtime":1854},"_step":4634,"Avg Reconstruction Loss Mean (Train)":0.22207508236169815,"Avg Reconstruction Loss Sum (Val)":1.769932625e+07}