{"Avg ELBO (Train)":1.5351330127659574e+08,"Avg ELBO (Val)":1.51054566e+08,"Avg Reconstruction Loss Sum (Train)":1.4595603425531914e+07,"_runtime":227.825384,"ELBO (Train)":4.7023176e+07,"Reconstruction Loss Sum (Train)":4.438876e+06,"_wandb":{"runtime":227},"Reconstruction Loss Sum (Val)":8.726524e+06,"_step":609,"Avg Reconstruction Loss Sum (Val)":1.4643444666666666e+07,"Avg Reconstruction Loss Mean (Train)":0.17759198552750527,"Reconstruction Loss Mean (Val)":0.18591517210006714,"_timestamp":1.735395782877156e+09,"Reconstruction Loss Mean (Train)":0.17918244004249573,"ELBO (Val)":8.8510984e+07,"Avg Reconstruction Loss Mean (Val)":0.18226287762324014}