{"_timestamp":1.735401264519944e+09,"_runtime":5.519893,"_step":11,"ELBO (Train)":266.3214111328125,"_wandb":{"runtime":5},"Reconstruction Loss Mean (Train)":0.20398864150047302,"Reconstruction Loss Sum (Train)":1.7021974e+07}