{"_wandb":{"runtime":63},"Reconstruction Loss Mean (Train)":0.29738137125968933,"Reconstruction Loss Sum (Train)":2.4815196e+07,"_timestamp":1.7353911358939898e+09,"_runtime":22.845681,"_step":45,"ELBO (Train)":2.10788192e+08}