{"Avg Reconstruction Loss Sum (Train)":1.916048021276596e+07,"_runtime":2330.674119,"Avg Reconstruction Loss Sum (Val)":1.8645535833333332e+07,"Reconstruction Loss Mean (Train)":0.2609967291355133,"Avg ELBO (Train)":9.330705021276596e+07,"_timestamp":1.735395274639928e+09,"Avg Reconstruction Loss Mean (Train)":0.23352069613781382,"Reconstruction Loss Mean (Val)":0.2291426956653595,"ELBO (Train)":2.8600688e+07,"Reconstruction Loss Sum (Train)":6.465656e+06,"Reconstruction Loss Sum (Val)":1.0755546e+07,"_wandb":{"runtime":2330},"_step":6099,"ELBO (Val)":5.3143884e+07,"Avg ELBO (Val)":9.1142427e+07,"Avg Reconstruction Loss Mean (Val)":0.2317993057270845}