{"Reconstruction Loss Mean (Train)":0.3389744162559509,"ELBO (Val)":1.6442744e+08,"Reconstruction Loss Sum (Val)":1.4949819e+07,"Reconstruction Loss Sum (Train)":8.397393e+06,"_step":60,"Avg Reconstruction Loss Mean (Train)":0.4812620136332005,"ELBO (Train)":9.0075752e+07,"Avg ELBO (Val)":2.8126682e+08,"_timestamp":1.7353964042075179e+09,"Avg ELBO (Train)":1.9393844134468086e+09,"Reconstruction Loss Mean (Val)":0.3185000419616699,"Avg Reconstruction Loss Mean (Val)":0.314276359975338,"_runtime":22.431855,"Avg Reconstruction Loss Sum (Train)":3.973608261702128e+07,"Avg Reconstruction Loss Sum (Val)":2.5256040083333332e+07,"_wandb":{"runtime":22}}