{"Avg Reconstruction Loss Mean (Train)":0.22759422757055447,"_runtime":23412.650047,"ELBO (Train)":0.9465066194534302,"_wandb":{"runtime":23412},"Reconstruction Loss Sum (Train)":1.610828e+07,"ELBO (Val)":0.9733762145042419,"Reconstruction Loss Sum (Val)":1.0529099e+07,"Avg ELBO (Val)":0.9928852717081705,"Avg Reconstruction Loss Sum (Val)":1.8090899583333332e+07,"Avg ELBO (Train)":0.9802474224049113,"Avg Reconstruction Loss Sum (Train)":1.8991758913043477e+07,"_timestamp":1.7354389188143911e+09,"Reconstruction Loss Mean (Val)":0.22431832551956177,"Reconstruction Loss Mean (Train)":0.19303907454013824,"Avg Reconstruction Loss Mean (Val)":0.22497674450278282,"_step":59999}