{"Reconstruction Loss Mean (Train)":0.35632461309432983,"_runtime":2547.454943,"Reconstruction Loss Sum (Val)":1.5619903e+07,"Avg ELBO (Val)":2291.8086954752603,"Avg Reconstruction Loss Mean (Val)":0.3317432105541229,"ELBO (Train)":2376.2822265625,"_wandb":{"runtime":2547},"Avg Reconstruction Loss Sum (Val)":2.6670141916666668e+07,"Reconstruction Loss Sum (Train)":2.9733756e+07,"Reconstruction Loss Mean (Val)":0.33277592062950134,"Avg Reconstruction Loss Sum (Train)":2.7856004608695652e+07,"ELBO (Val)":1338.039306640625,"Avg ELBO (Train)":2423.553015667459,"_step":5999,"_timestamp":1.7354104017739809e+09,"Avg Reconstruction Loss Mean (Train)":0.3338219445684682}