{"Avg ELBO (Val)":1.2730167933333333e+08,"Avg Reconstruction Loss Mean (Val)":0.24014844745397568,"ELBO (Train)":4.0015052e+07,"_timestamp":1.735396326827265e+09,"_wandb":{"runtime":228},"Reconstruction Loss Mean (Train)":0.25988397002220154,"Avg Reconstruction Loss Sum (Val)":1.9318474e+07,"Avg Reconstruction Loss Mean (Train)":0.24099733854861968,"ELBO (Val)":7.4323032e+07,"Reconstruction Loss Sum (Train)":6.43809e+06,"Avg Reconstruction Loss Sum (Train)":1.9785763021276597e+07,"Reconstruction Loss Sum (Val)":1.1122154e+07,"_step":609,"_runtime":228.093131,"Reconstruction Loss Mean (Val)":0.23695312440395355,"Avg ELBO (Train)":1.314365030638298e+08}