{"Reconstruction Loss Mean (Train)":0.29738137125968933,"_wandb":{"runtime":63},"Reconstruction Loss Sum (Train)":2.4815196e+07,"_timestamp":1.7353914212510111e+09,"_runtime":23.416776,"_step":45,"ELBO (Train)":2.10788192e+08}