{"ELBO (Val)":4.9230104e+07,"_step":686,"Avg Reconstruction Loss Sum (Train)":1.8129268425531916e+07,"Reconstruction Loss Sum (Val)":1.0183082e+07,"Avg Reconstruction Loss Sum (Val)":1.7547249e+07,"ELBO (Train)":8.8613728e+07,"_runtime":259.710819,"Avg Reconstruction Loss Mean (Val)":0.2181929610669613,"_wandb":{"runtime":260},"Reconstruction Loss Sum (Train)":1.9624504e+07,"Reconstruction Loss Mean (Val)":0.2169465720653534,"_timestamp":1.7353991398951948e+09,"Avg Reconstruction Loss Mean (Train)":0.22091483023572475,"Avg ELBO (Val)":8.4177196e+07,"Reconstruction Loss Mean (Train)":0.2351769506931305,"Avg ELBO (Train)":8.643531953191489e+07}