{"Avg ELBO (Train)":0.9174382401549298,"ELBO (Train)":0.9063221216201782,"_step":5999,"_timestamp":1.735403697587727e+09,"Reconstruction Loss Sum (Val)":8.056775e+06,"Avg Reconstruction Loss Mean (Train)":0.1744378526573596,"_wandb":{"runtime":2297},"ELBO (Val)":0.8887778520584106,"Reconstruction Loss Mean (Val)":0.17164643108844757,"Avg Reconstruction Loss Sum (Val)":1.3920823e+07,"Avg ELBO (Val)":0.9176203658183416,"_runtime":2297.189205,"Avg Reconstruction Loss Mean (Val)":0.1730828806757927,"Reconstruction Loss Mean (Train)":0.1697935312986374,"Avg Reconstruction Loss Sum (Train)":1.4556088195652174e+07,"Reconstruction Loss Sum (Train)":1.416854e+07}