{"Avg ELBO (Val)":1.57117534e+08,"_timestamp":1.735398599725717e+09,"ELBO (Val)":9.2219688e+07,"Reconstruction Loss Mean (Train)":0.15219013392925262,"Avg ELBO (Train)":1.6335890161702126e+08,"Reconstruction Loss Sum (Val)":8.292271e+06,"Reconstruction Loss Sum (Train)":3.770197e+06,"_runtime":229.659738,"_wandb":{"runtime":229},"Avg Reconstruction Loss Sum (Val)":1.4393408083333334e+07,"Avg Reconstruction Loss Mean (Val)":0.1789291799068451,"Avg Reconstruction Loss Mean (Train)":0.17724897030820239,"ELBO (Train)":4.6845768e+07,"_step":609,"Avg Reconstruction Loss Sum (Train)":1.4600676276595745e+07,"Reconstruction Loss Mean (Val)":0.1766635775566101}