{"_wandb":{"runtime":2298},"_timestamp":1.735406731722647e+09,"Reconstruction Loss Mean (Val)":0.19688597321510315,"Avg Reconstruction Loss Mean (Train)":0.19268764490666596,"Reconstruction Loss Sum (Val)":9.241474e+06,"Avg Reconstruction Loss Sum (Val)":1.5407186583333334e+07,"Avg Reconstruction Loss Sum (Train)":1.6078954717391305e+07,"_step":5999,"Avg Reconstruction Loss Mean (Val)":0.19181541725993156,"ELBO (Val)":201.31051635742188,"Avg ELBO (Train)":359.6490770422894,"Reconstruction Loss Mean (Train)":0.20114417374134064,"ELBO (Train)":360.2251281738281,"_runtime":2298.557646,"Avg ELBO (Val)":345.7575403849284,"Reconstruction Loss Sum (Train)":1.6784616e+07}