{"Avg Reconstruction Loss Sum (Val)":1.4695447416666666e+07,"Avg Reconstruction Loss Sum (Train)":1.5618117531914894e+07,"Reconstruction Loss Mean (Train)":0.19226635992527008,"Reconstruction Loss Sum (Val)":8.69743e+06,"Avg Reconstruction Loss Mean (Val)":0.18286347016692162,"_step":609,"_wandb":{"runtime":230},"Avg Reconstruction Loss Mean (Train)":0.19004136958020798,"Avg ELBO (Train)":1.504284220425532e+08,"_timestamp":1.7353967352267892e+09,"Reconstruction Loss Sum (Train)":4.763003e+06,"ELBO (Val)":8.345696e+07,"Reconstruction Loss Mean (Val)":0.18529532849788666,"ELBO (Train)":4.3952268e+07,"_runtime":229.955185,"Avg ELBO (Val)":1.4239766133333334e+08}